{
    "2024-07-31 20:21:22": [
        {
            "Asset": "USDT",
            "Free": 95.735191,
            "Locked": 0.0,
            "Total": 95.735191
        },
        {
            "Asset": "XRP",
            "Free": 47.677,
            "Locked": 0.0,
            "Total": 47.677
        }
    ]
}